sku,name,description,price,active
SKU000001,Product 1,Description for product 1,1.99,false
SKU000002,Product 2,Description for product 2,2.99,true
SKU000003,Product 3,Description for product 3,3.99,false
SKU000004,Product 4,Description for product 4,4.99,true
SKU000005,Product 5,Description for product 5,5.99,false
SKU000006,Product 6,Description for product 6,6.99,true
SKU000007,Product 7,Description for product 7,7.99,false
SKU000008,Product 8,Description for product 8,8.99,true
SKU000009,Product 9,Description for product 9,9.99,false
SKU000010,Product 10,Description for product 10,10.99,true
SKU000011,Product 11,Description for product 11,11.99,false
SKU000012,Product 12,Description for product 12,12.99,true
SKU000013,Product 13,Description for product 13,13.99,false
SKU000014,Product 14,Description for product 14,14.99,true
SKU000015,Product 15,Description for product 15,15.99,false
SKU000016,Product 16,Description for product 16,16.99,true
SKU000017,Product 17,Description for product 17,17.99,false
SKU000018,Product 18,Description for product 18,18.99,true
SKU000019,Product 19,Description for product 19,19.99,false
SKU000020,Product 20,Description for product 20,20.99,true
SKU000021,Product 21,Description for product 21,21.99,false
SKU000022,Product 22,Description for product 22,22.99,true
SKU000023,Product 23,Description for product 23,23.99,false
SKU000024,Product 24,Description for product 24,24.99,true
SKU000025,Product 25,Description for product 25,25.99,false
SKU000026,Product 26,Description for product 26,26.99,true
SKU000027,Product 27,Description for product 27,27.99,false
SKU000028,Product 28,Description for product 28,28.99,true
SKU000029,Product 29,Description for product 29,29.99,false
SKU000030,Product 30,Description for product 30,30.99,true
SKU000031,Product 31,Description for product 31,31.99,false
SKU000032,Product 32,Description for product 32,32.99,true
SKU000033,Product 33,Description for product 33,33.99,false
SKU000034,Product 34,Description for product 34,34.99,true
SKU000035,Product 35,Description for product 35,35.99,false
SKU000036,Product 36,Description for product 36,36.99,true
SKU000037,Product 37,Description for product 37,37.99,false
SKU000038,Product 38,Description for product 38,38.99,true
SKU000039,Product 39,Description for product 39,39.99,false
SKU000040,Product 40,Description for product 40,40.99,true
SKU000041,Product 41,Description for product 41,41.99,false
SKU000042,Product 42,Description for product 42,42.99,true
SKU000043,Product 43,Description for product 43,43.99,false
SKU000044,Product 44,Description for product 44,44.99,true
SKU000045,Product 45,Description for product 45,45.99,false
SKU000046,Product 46,Description for product 46,46.99,true
SKU000047,Product 47,Description for product 47,47.99,false
SKU000048,Product 48,Description for product 48,48.99,true
SKU000049,Product 49,Description for product 49,49.99,false
SKU000050,Product 50,Description for product 50,50.99,true
SKU000051,Product 51,Description for product 51,51.99,false
SKU000052,Product 52,Description for product 52,52.99,true
SKU000053,Product 53,Description for product 53,53.99,false
SKU000054,Product 54,Description for product 54,54.99,true
SKU000055,Product 55,Description for product 55,55.99,false
SKU000056,Product 56,Description for product 56,56.99,true
SKU000057,Product 57,Description for product 57,57.99,false
SKU000058,Product 58,Description for product 58,58.99,true
SKU000059,Product 59,Description for product 59,59.99,false
SKU000060,Product 60,Description for product 60,60.99,true
SKU000061,Product 61,Description for product 61,61.99,false
SKU000062,Product 62,Description for product 62,62.99,true
SKU000063,Product 63,Description for product 63,63.99,false
SKU000064,Product 64,Description for product 64,64.99,true
SKU000065,Product 65,Description for product 65,65.99,false
SKU000066,Product 66,Description for product 66,66.99,true
SKU000067,Product 67,Description for product 67,67.99,false
SKU000068,Product 68,Description for product 68,68.99,true
SKU000069,Product 69,Description for product 69,69.99,false
SKU000070,Product 70,Description for product 70,70.99,true
SKU000071,Product 71,Description for product 71,71.99,false
SKU000072,Product 72,Description for product 72,72.99,true
SKU000073,Product 73,Description for product 73,73.99,false
SKU000074,Product 74,Description for product 74,74.99,true
SKU000075,Product 75,Description for product 75,75.99,false
SKU000076,Product 76,Description for product 76,76.99,true
SKU000077,Product 77,Description for product 77,77.99,false
SKU000078,Product 78,Description for product 78,78.99,true
SKU000079,Product 79,Description for product 79,79.99,false
SKU000080,Product 80,Description for product 80,80.99,true
SKU000081,Product 81,Description for product 81,81.99,false
SKU000082,Product 82,Description for product 82,82.99,true
SKU000083,Product 83,Description for product 83,83.99,false
SKU000084,Product 84,Description for product 84,84.99,true
SKU000085,Product 85,Description for product 85,85.99,false
SKU000086,Product 86,Description for product 86,86.99,true
SKU000087,Product 87,Description for product 87,87.99,false
SKU000088,Product 88,Description for product 88,88.99,true
SKU000089,Product 89,Description for product 89,89.99,false
SKU000090,Product 90,Description for product 90,90.99,true
SKU000091,Product 91,Description for product 91,91.99,false
SKU000092,Product 92,Description for product 92,92.99,true
SKU000093,Product 93,Description for product 93,93.99,false
SKU000094,Product 94,Description for product 94,94.99,true
SKU000095,Product 95,Description for product 95,95.99,false
SKU000096,Product 96,Description for product 96,96.99,true
SKU000097,Product 97,Description for product 97,97.99,false
SKU000098,Product 98,Description for product 98,98.99,true
SKU000099,Product 99,Description for product 99,99.99,false
SKU000100,Product 100,Description for product 100,100.99,true
SKU000101,Product 101,Description for product 101,101.99,false
SKU000102,Product 102,Description for product 102,102.99,true
SKU000103,Product 103,Description for product 103,103.99,false
SKU000104,Product 104,Description for product 104,104.99,true
SKU000105,Product 105,Description for product 105,105.99,false
SKU000106,Product 106,Description for product 106,106.99,true
SKU000107,Product 107,Description for product 107,107.99,false
SKU000108,Product 108,Description for product 108,108.99,true
SKU000109,Product 109,Description for product 109,109.99,false
SKU000110,Product 110,Description for product 110,110.99,true
SKU000111,Product 111,Description for product 111,111.99,false
SKU000112,Product 112,Description for product 112,112.99,true
SKU000113,Product 113,Description for product 113,113.99,false
SKU000114,Product 114,Description for product 114,114.99,true
SKU000115,Product 115,Description for product 115,115.99,false
SKU000116,Product 116,Description for product 116,116.99,true
SKU000117,Product 117,Description for product 117,117.99,false
SKU000118,Product 118,Description for product 118,118.99,true
SKU000119,Product 119,Description for product 119,119.99,false
SKU000120,Product 120,Description for product 120,120.99,true
SKU000121,Product 121,Description for product 121,121.99,false
SKU000122,Product 122,Description for product 122,122.99,true
SKU000123,Product 123,Description for product 123,123.99,false
SKU000124,Product 124,Description for product 124,124.99,true
SKU000125,Product 125,Description for product 125,125.99,false
SKU000126,Product 126,Description for product 126,126.99,true
SKU000127,Product 127,Description for product 127,127.99,false
SKU000128,Product 128,Description for product 128,128.99,true
SKU000129,Product 129,Description for product 129,129.99,false
SKU000130,Product 130,Description for product 130,130.99,true
SKU000131,Product 131,Description for product 131,131.99,false
SKU000132,Product 132,Description for product 132,132.99,true
SKU000133,Product 133,Description for product 133,133.99,false
SKU000134,Product 134,Description for product 134,134.99,true
SKU000135,Product 135,Description for product 135,135.99,false
SKU000136,Product 136,Description for product 136,136.99,true
SKU000137,Product 137,Description for product 137,137.99,false
SKU000138,Product 138,Description for product 138,138.99,true
SKU000139,Product 139,Description for product 139,139.99,false
SKU000140,Product 140,Description for product 140,140.99,true
SKU000141,Product 141,Description for product 141,141.99,false
SKU000142,Product 142,Description for product 142,142.99,true
SKU000143,Product 143,Description for product 143,143.99,false
SKU000144,Product 144,Description for product 144,144.99,true
SKU000145,Product 145,Description for product 145,145.99,false
SKU000146,Product 146,Description for product 146,146.99,true
SKU000147,Product 147,Description for product 147,147.99,false
SKU000148,Product 148,Description for product 148,148.99,true
SKU000149,Product 149,Description for product 149,149.99,false
SKU000150,Product 150,Description for product 150,150.99,true
SKU000151,Product 151,Description for product 151,151.99,false
SKU000152,Product 152,Description for product 152,152.99,true
SKU000153,Product 153,Description for product 153,153.99,false
SKU000154,Product 154,Description for product 154,154.99,true
SKU000155,Product 155,Description for product 155,155.99,false
SKU000156,Product 156,Description for product 156,156.99,true
SKU000157,Product 157,Description for product 157,157.99,false
SKU000158,Product 158,Description for product 158,158.99,true
SKU000159,Product 159,Description for product 159,159.99,false
SKU000160,Product 160,Description for product 160,160.99,true
SKU000161,Product 161,Description for product 161,161.99,false
SKU000162,Product 162,Description for product 162,162.99,true
SKU000163,Product 163,Description for product 163,163.99,false
SKU000164,Product 164,Description for product 164,164.99,true
SKU000165,Product 165,Description for product 165,165.99,false
SKU000166,Product 166,Description for product 166,166.99,true
SKU000167,Product 167,Description for product 167,167.99,false
SKU000168,Product 168,Description for product 168,168.99,true
SKU000169,Product 169,Description for product 169,169.99,false
SKU000170,Product 170,Description for product 170,170.99,true
SKU000171,Product 171,Description for product 171,171.99,false
SKU000172,Product 172,Description for product 172,172.99,true
SKU000173,Product 173,Description for product 173,173.99,false
SKU000174,Product 174,Description for product 174,174.99,true
SKU000175,Product 175,Description for product 175,175.99,false
SKU000176,Product 176,Description for product 176,176.99,true
SKU000177,Product 177,Description for product 177,177.99,false
SKU000178,Product 178,Description for product 178,178.99,true
SKU000179,Product 179,Description for product 179,179.99,false
SKU000180,Product 180,Description for product 180,180.99,true
SKU000181,Product 181,Description for product 181,181.99,false
SKU000182,Product 182,Description for product 182,182.99,true
SKU000183,Product 183,Description for product 183,183.99,false
SKU000184,Product 184,Description for product 184,184.99,true
SKU000185,Product 185,Description for product 185,185.99,false
SKU000186,Product 186,Description for product 186,186.99,true
SKU000187,Product 187,Description for product 187,187.99,false
SKU000188,Product 188,Description for product 188,188.99,true
SKU000189,Product 189,Description for product 189,189.99,false
SKU000190,Product 190,Description for product 190,190.99,true
SKU000191,Product 191,Description for product 191,191.99,false
SKU000192,Product 192,Description for product 192,192.99,true
SKU000193,Product 193,Description for product 193,193.99,false
SKU000194,Product 194,Description for product 194,194.99,true
SKU000195,Product 195,Description for product 195,195.99,false
SKU000196,Product 196,Description for product 196,196.99,true
SKU000197,Product 197,Description for product 197,197.99,false
SKU000198,Product 198,Description for product 198,198.99,true
SKU000199,Product 199,Description for product 199,199.99,false
SKU000200,Product 200,Description for product 200,200.99,true
SKU000201,Product 201,Description for product 201,201.99,false
SKU000202,Product 202,Description for product 202,202.99,true
SKU000203,Product 203,Description for product 203,203.99,false
SKU000204,Product 204,Description for product 204,204.99,true
SKU000205,Product 205,Description for product 205,205.99,false
SKU000206,Product 206,Description for product 206,206.99,true
SKU000207,Product 207,Description for product 207,207.99,false
SKU000208,Product 208,Description for product 208,208.99,true
SKU000209,Product 209,Description for product 209,209.99,false
SKU000210,Product 210,Description for product 210,210.99,true
SKU000211,Product 211,Description for product 211,211.99,false
SKU000212,Product 212,Description for product 212,212.99,true
SKU000213,Product 213,Description for product 213,213.99,false
SKU000214,Product 214,Description for product 214,214.99,true
SKU000215,Product 215,Description for product 215,215.99,false
SKU000216,Product 216,Description for product 216,216.99,true
SKU000217,Product 217,Description for product 217,217.99,false
SKU000218,Product 218,Description for product 218,218.99,true
SKU000219,Product 219,Description for product 219,219.99,false
SKU000220,Product 220,Description for product 220,220.99,true
SKU000221,Product 221,Description for product 221,221.99,false
SKU000222,Product 222,Description for product 222,222.99,true
SKU000223,Product 223,Description for product 223,223.99,false
SKU000224,Product 224,Description for product 224,224.99,true
SKU000225,Product 225,Description for product 225,225.99,false
SKU000226,Product 226,Description for product 226,226.99,true
SKU000227,Product 227,Description for product 227,227.99,false
SKU000228,Product 228,Description for product 228,228.99,true
SKU000229,Product 229,Description for product 229,229.99,false
SKU000230,Product 230,Description for product 230,230.99,true
SKU000231,Product 231,Description for product 231,231.99,false
SKU000232,Product 232,Description for product 232,232.99,true
SKU000233,Product 233,Description for product 233,233.99,false
SKU000234,Product 234,Description for product 234,234.99,true
SKU000235,Product 235,Description for product 235,235.99,false
SKU000236,Product 236,Description for product 236,236.99,true
SKU000237,Product 237,Description for product 237,237.99,false
SKU000238,Product 238,Description for product 238,238.99,true
SKU000239,Product 239,Description for product 239,239.99,false
SKU000240,Product 240,Description for product 240,240.99,true
SKU000241,Product 241,Description for product 241,241.99,false
SKU000242,Product 242,Description for product 242,242.99,true
SKU000243,Product 243,Description for product 243,243.99,false
SKU000244,Product 244,Description for product 244,244.99,true
SKU000245,Product 245,Description for product 245,245.99,false
SKU000246,Product 246,Description for product 246,246.99,true
SKU000247,Product 247,Description for product 247,247.99,false
SKU000248,Product 248,Description for product 248,248.99,true
SKU000249,Product 249,Description for product 249,249.99,false
SKU000250,Product 250,Description for product 250,250.99,true
SKU000251,Product 251,Description for product 251,251.99,false
SKU000252,Product 252,Description for product 252,252.99,true
SKU000253,Product 253,Description for product 253,253.99,false
SKU000254,Product 254,Description for product 254,254.99,true
SKU000255,Product 255,Description for product 255,255.99,false
SKU000256,Product 256,Description for product 256,256.99,true
SKU000257,Product 257,Description for product 257,257.99,false
SKU000258,Product 258,Description for product 258,258.99,true
SKU000259,Product 259,Description for product 259,259.99,false
SKU000260,Product 260,Description for product 260,260.99,true
SKU000261,Product 261,Description for product 261,261.99,false
SKU000262,Product 262,Description for product 262,262.99,true
SKU000263,Product 263,Description for product 263,263.99,false
SKU000264,Product 264,Description for product 264,264.99,true
SKU000265,Product 265,Description for product 265,265.99,false
SKU000266,Product 266,Description for product 266,266.99,true
SKU000267,Product 267,Description for product 267,267.99,false
SKU000268,Product 268,Description for product 268,268.99,true
SKU000269,Product 269,Description for product 269,269.99,false
SKU000270,Product 270,Description for product 270,270.99,true
SKU000271,Product 271,Description for product 271,271.99,false
SKU000272,Product 272,Description for product 272,272.99,true
SKU000273,Product 273,Description for product 273,273.99,false
SKU000274,Product 274,Description for product 274,274.99,true
SKU000275,Product 275,Description for product 275,275.99,false
SKU000276,Product 276,Description for product 276,276.99,true
SKU000277,Product 277,Description for product 277,277.99,false
SKU000278,Product 278,Description for product 278,278.99,true
SKU000279,Product 279,Description for product 279,279.99,false
SKU000280,Product 280,Description for product 280,280.99,true
SKU000281,Product 281,Description for product 281,281.99,false
SKU000282,Product 282,Description for product 282,282.99,true
SKU000283,Product 283,Description for product 283,283.99,false
SKU000284,Product 284,Description for product 284,284.99,true
SKU000285,Product 285,Description for product 285,285.99,false
SKU000286,Product 286,Description for product 286,286.99,true
SKU000287,Product 287,Description for product 287,287.99,false
SKU000288,Product 288,Description for product 288,288.99,true
SKU000289,Product 289,Description for product 289,289.99,false
SKU000290,Product 290,Description for product 290,290.99,true
SKU000291,Product 291,Description for product 291,291.99,false
SKU000292,Product 292,Description for product 292,292.99,true
SKU000293,Product 293,Description for product 293,293.99,false
SKU000294,Product 294,Description for product 294,294.99,true
SKU000295,Product 295,Description for product 295,295.99,false
SKU000296,Product 296,Description for product 296,296.99,true
SKU000297,Product 297,Description for product 297,297.99,false
SKU000298,Product 298,Description for product 298,298.99,true
SKU000299,Product 299,Description for product 299,299.99,false
SKU000300,Product 300,Description for product 300,300.99,true
SKU000301,Product 301,Description for product 301,301.99,false
SKU000302,Product 302,Description for product 302,302.99,true
SKU000303,Product 303,Description for product 303,303.99,false
SKU000304,Product 304,Description for product 304,304.99,true
SKU000305,Product 305,Description for product 305,305.99,false
SKU000306,Product 306,Description for product 306,306.99,true
SKU000307,Product 307,Description for product 307,307.99,false
SKU000308,Product 308,Description for product 308,308.99,true
SKU000309,Product 309,Description for product 309,309.99,false
SKU000310,Product 310,Description for product 310,310.99,true
SKU000311,Product 311,Description for product 311,311.99,false
SKU000312,Product 312,Description for product 312,312.99,true
SKU000313,Product 313,Description for product 313,313.99,false
SKU000314,Product 314,Description for product 314,314.99,true
SKU000315,Product 315,Description for product 315,315.99,false
SKU000316,Product 316,Description for product 316,316.99,true
SKU000317,Product 317,Description for product 317,317.99,false
SKU000318,Product 318,Description for product 318,318.99,true
SKU000319,Product 319,Description for product 319,319.99,false
SKU000320,Product 320,Description for product 320,320.99,true
SKU000321,Product 321,Description for product 321,321.99,false
SKU000322,Product 322,Description for product 322,322.99,true
SKU000323,Product 323,Description for product 323,323.99,false
SKU000324,Product 324,Description for product 324,324.99,true
SKU000325,Product 325,Description for product 325,325.99,false
SKU000326,Product 326,Description for product 326,326.99,true
SKU000327,Product 327,Description for product 327,327.99,false
SKU000328,Product 328,Description for product 328,328.99,true
SKU000329,Product 329,Description for product 329,329.99,false
SKU000330,Product 330,Description for product 330,330.99,true
SKU000331,Product 331,Description for product 331,331.99,false
SKU000332,Product 332,Description for product 332,332.99,true
SKU000333,Product 333,Description for product 333,333.99,false
SKU000334,Product 334,Description for product 334,334.99,true
SKU000335,Product 335,Description for product 335,335.99,false
SKU000336,Product 336,Description for product 336,336.99,true
SKU000337,Product 337,Description for product 337,337.99,false
SKU000338,Product 338,Description for product 338,338.99,true
SKU000339,Product 339,Description for product 339,339.99,false
SKU000340,Product 340,Description for product 340,340.99,true
SKU000341,Product 341,Description for product 341,341.99,false
SKU000342,Product 342,Description for product 342,342.99,true
SKU000343,Product 343,Description for product 343,343.99,false
SKU000344,Product 344,Description for product 344,344.99,true
SKU000345,Product 345,Description for product 345,345.99,false
SKU000346,Product 346,Description for product 346,346.99,true
SKU000347,Product 347,Description for product 347,347.99,false
SKU000348,Product 348,Description for product 348,348.99,true
SKU000349,Product 349,Description for product 349,349.99,false
SKU000350,Product 350,Description for product 350,350.99,true
SKU000351,Product 351,Description for product 351,351.99,false
SKU000352,Product 352,Description for product 352,352.99,true
SKU000353,Product 353,Description for product 353,353.99,false
SKU000354,Product 354,Description for product 354,354.99,true
SKU000355,Product 355,Description for product 355,355.99,false
SKU000356,Product 356,Description for product 356,356.99,true
SKU000357,Product 357,Description for product 357,357.99,false
SKU000358,Product 358,Description for product 358,358.99,true
SKU000359,Product 359,Description for product 359,359.99,false
SKU000360,Product 360,Description for product 360,360.99,true
SKU000361,Product 361,Description for product 361,361.99,false
SKU000362,Product 362,Description for product 362,362.99,true
SKU000363,Product 363,Description for product 363,363.99,false
SKU000364,Product 364,Description for product 364,364.99,true
SKU000365,Product 365,Description for product 365,365.99,false
SKU000366,Product 366,Description for product 366,366.99,true
SKU000367,Product 367,Description for product 367,367.99,false
SKU000368,Product 368,Description for product 368,368.99,true
SKU000369,Product 369,Description for product 369,369.99,false
SKU000370,Product 370,Description for product 370,370.99,true
SKU000371,Product 371,Description for product 371,371.99,false
SKU000372,Product 372,Description for product 372,372.99,true
SKU000373,Product 373,Description for product 373,373.99,false
SKU000374,Product 374,Description for product 374,374.99,true
SKU000375,Product 375,Description for product 375,375.99,false
SKU000376,Product 376,Description for product 376,376.99,true
SKU000377,Product 377,Description for product 377,377.99,false
SKU000378,Product 378,Description for product 378,378.99,true
SKU000379,Product 379,Description for product 379,379.99,false
SKU000380,Product 380,Description for product 380,380.99,true
SKU000381,Product 381,Description for product 381,381.99,false
SKU000382,Product 382,Description for product 382,382.99,true
SKU000383,Product 383,Description for product 383,383.99,false
SKU000384,Product 384,Description for product 384,384.99,true
SKU000385,Product 385,Description for product 385,385.99,false
SKU000386,Product 386,Description for product 386,386.99,true
SKU000387,Product 387,Description for product 387,387.99,false
SKU000388,Product 388,Description for product 388,388.99,true
SKU000389,Product 389,Description for product 389,389.99,false
SKU000390,Product 390,Description for product 390,390.99,true
SKU000391,Product 391,Description for product 391,391.99,false
SKU000392,Product 392,Description for product 392,392.99,true
SKU000393,Product 393,Description for product 393,393.99,false
SKU000394,Product 394,Description for product 394,394.99,true
SKU000395,Product 395,Description for product 395,395.99,false
SKU000396,Product 396,Description for product 396,396.99,true
SKU000397,Product 397,Description for product 397,397.99,false
SKU000398,Product 398,Description for product 398,398.99,true
SKU000399,Product 399,Description for product 399,399.99,false
SKU000400,Product 400,Description for product 400,400.99,true
SKU000401,Product 401,Description for product 401,401.99,false
SKU000402,Product 402,Description for product 402,402.99,true
SKU000403,Product 403,Description for product 403,403.99,false
SKU000404,Product 404,Description for product 404,404.99,true
SKU000405,Product 405,Description for product 405,405.99,false
SKU000406,Product 406,Description for product 406,406.99,true
SKU000407,Product 407,Description for product 407,407.99,false
SKU000408,Product 408,Description for product 408,408.99,true
SKU000409,Product 409,Description for product 409,409.99,false
SKU000410,Product 410,Description for product 410,410.99,true
SKU000411,Product 411,Description for product 411,411.99,false
SKU000412,Product 412,Description for product 412,412.99,true
SKU000413,Product 413,Description for product 413,413.99,false
SKU000414,Product 414,Description for product 414,414.99,true
SKU000415,Product 415,Description for product 415,415.99,false
SKU000416,Product 416,Description for product 416,416.99,true
SKU000417,Product 417,Description for product 417,417.99,false
SKU000418,Product 418,Description for product 418,418.99,true
SKU000419,Product 419,Description for product 419,419.99,false
SKU000420,Product 420,Description for product 420,420.99,true
SKU000421,Product 421,Description for product 421,421.99,false
SKU000422,Product 422,Description for product 422,422.99,true
SKU000423,Product 423,Description for product 423,423.99,false
SKU000424,Product 424,Description for product 424,424.99,true
SKU000425,Product 425,Description for product 425,425.99,false
SKU000426,Product 426,Description for product 426,426.99,true
SKU000427,Product 427,Description for product 427,427.99,false
SKU000428,Product 428,Description for product 428,428.99,true
SKU000429,Product 429,Description for product 429,429.99,false
SKU000430,Product 430,Description for product 430,430.99,true
SKU000431,Product 431,Description for product 431,431.99,false
SKU000432,Product 432,Description for product 432,432.99,true
SKU000433,Product 433,Description for product 433,433.99,false
SKU000434,Product 434,Description for product 434,434.99,true
SKU000435,Product 435,Description for product 435,435.99,false
SKU000436,Product 436,Description for product 436,436.99,true
SKU000437,Product 437,Description for product 437,437.99,false
SKU000438,Product 438,Description for product 438,438.99,true
SKU000439,Product 439,Description for product 439,439.99,false
SKU000440,Product 440,Description for product 440,440.99,true
SKU000441,Product 441,Description for product 441,441.99,false
SKU000442,Product 442,Description for product 442,442.99,true
SKU000443,Product 443,Description for product 443,443.99,false
SKU000444,Product 444,Description for product 444,444.99,true
SKU000445,Product 445,Description for product 445,445.99,false
SKU000446,Product 446,Description for product 446,446.99,true
SKU000447,Product 447,Description for product 447,447.99,false
SKU000448,Product 448,Description for product 448,448.99,true
SKU000449,Product 449,Description for product 449,449.99,false
SKU000450,Product 450,Description for product 450,450.99,true
SKU000451,Product 451,Description for product 451,451.99,false
SKU000452,Product 452,Description for product 452,452.99,true
SKU000453,Product 453,Description for product 453,453.99,false
SKU000454,Product 454,Description for product 454,454.99,true
SKU000455,Product 455,Description for product 455,455.99,false
SKU000456,Product 456,Description for product 456,456.99,true
SKU000457,Product 457,Description for product 457,457.99,false
SKU000458,Product 458,Description for product 458,458.99,true
SKU000459,Product 459,Description for product 459,459.99,false
SKU000460,Product 460,Description for product 460,460.99,true
SKU000461,Product 461,Description for product 461,461.99,false
SKU000462,Product 462,Description for product 462,462.99,true
SKU000463,Product 463,Description for product 463,463.99,false
SKU000464,Product 464,Description for product 464,464.99,true
SKU000465,Product 465,Description for product 465,465.99,false
SKU000466,Product 466,Description for product 466,466.99,true
SKU000467,Product 467,Description for product 467,467.99,false
SKU000468,Product 468,Description for product 468,468.99,true
SKU000469,Product 469,Description for product 469,469.99,false
SKU000470,Product 470,Description for product 470,470.99,true
SKU000471,Product 471,Description for product 471,471.99,false
SKU000472,Product 472,Description for product 472,472.99,true
SKU000473,Product 473,Description for product 473,473.99,false
SKU000474,Product 474,Description for product 474,474.99,true
SKU000475,Product 475,Description for product 475,475.99,false
SKU000476,Product 476,Description for product 476,476.99,true
SKU000477,Product 477,Description for product 477,477.99,false
SKU000478,Product 478,Description for product 478,478.99,true
SKU000479,Product 479,Description for product 479,479.99,false
SKU000480,Product 480,Description for product 480,480.99,true
SKU000481,Product 481,Description for product 481,481.99,false
SKU000482,Product 482,Description for product 482,482.99,true
SKU000483,Product 483,Description for product 483,483.99,false
SKU000484,Product 484,Description for product 484,484.99,true
SKU000485,Product 485,Description for product 485,485.99,false
SKU000486,Product 486,Description for product 486,486.99,true
SKU000487,Product 487,Description for product 487,487.99,false
SKU000488,Product 488,Description for product 488,488.99,true
SKU000489,Product 489,Description for product 489,489.99,false
SKU000490,Product 490,Description for product 490,490.99,true
SKU000491,Product 491,Description for product 491,491.99,false
SKU000492,Product 492,Description for product 492,492.99,true
SKU000493,Product 493,Description for product 493,493.99,false
SKU000494,Product 494,Description for product 494,494.99,true
SKU000495,Product 495,Description for product 495,495.99,false
SKU000496,Product 496,Description for product 496,496.99,true
SKU000497,Product 497,Description for product 497,497.99,false
SKU000498,Product 498,Description for product 498,498.99,true
SKU000499,Product 499,Description for product 499,499.99,false
SKU000500,Product 500,Description for product 500,500.99,true
SKU000501,Product 501,Description for product 501,501.99,false
SKU000502,Product 502,Description for product 502,502.99,true
SKU000503,Product 503,Description for product 503,503.99,false
SKU000504,Product 504,Description for product 504,504.99,true
SKU000505,Product 505,Description for product 505,505.99,false
SKU000506,Product 506,Description for product 506,506.99,true
SKU000507,Product 507,Description for product 507,507.99,false
SKU000508,Product 508,Description for product 508,508.99,true
SKU000509,Product 509,Description for product 509,509.99,false
SKU000510,Product 510,Description for product 510,510.99,true
SKU000511,Product 511,Description for product 511,511.99,false
SKU000512,Product 512,Description for product 512,512.99,true
SKU000513,Product 513,Description for product 513,513.99,false
SKU000514,Product 514,Description for product 514,514.99,true
SKU000515,Product 515,Description for product 515,515.99,false
SKU000516,Product 516,Description for product 516,516.99,true
SKU000517,Product 517,Description for product 517,517.99,false
SKU000518,Product 518,Description for product 518,518.99,true
SKU000519,Product 519,Description for product 519,519.99,false
SKU000520,Product 520,Description for product 520,520.99,true
SKU000521,Product 521,Description for product 521,521.99,false
SKU000522,Product 522,Description for product 522,522.99,true
SKU000523,Product 523,Description for product 523,523.99,false
SKU000524,Product 524,Description for product 524,524.99,true
SKU000525,Product 525,Description for product 525,525.99,false
SKU000526,Product 526,Description for product 526,526.99,true
SKU000527,Product 527,Description for product 527,527.99,false
SKU000528,Product 528,Description for product 528,528.99,true
SKU000529,Product 529,Description for product 529,529.99,false
SKU000530,Product 530,Description for product 530,530.99,true
SKU000531,Product 531,Description for product 531,531.99,false
SKU000532,Product 532,Description for product 532,532.99,true
SKU000533,Product 533,Description for product 533,533.99,false
SKU000534,Product 534,Description for product 534,534.99,true
SKU000535,Product 535,Description for product 535,535.99,false
SKU000536,Product 536,Description for product 536,536.99,true
SKU000537,Product 537,Description for product 537,537.99,false
SKU000538,Product 538,Description for product 538,538.99,true
SKU000539,Product 539,Description for product 539,539.99,false
SKU000540,Product 540,Description for product 540,540.99,true
SKU000541,Product 541,Description for product 541,541.99,false
SKU000542,Product 542,Description for product 542,542.99,true
SKU000543,Product 543,Description for product 543,543.99,false
SKU000544,Product 544,Description for product 544,544.99,true
SKU000545,Product 545,Description for product 545,545.99,false
SKU000546,Product 546,Description for product 546,546.99,true
SKU000547,Product 547,Description for product 547,547.99,false
SKU000548,Product 548,Description for product 548,548.99,true
SKU000549,Product 549,Description for product 549,549.99,false
SKU000550,Product 550,Description for product 550,550.99,true
SKU000551,Product 551,Description for product 551,551.99,false
SKU000552,Product 552,Description for product 552,552.99,true
SKU000553,Product 553,Description for product 553,553.99,false
SKU000554,Product 554,Description for product 554,554.99,true
SKU000555,Product 555,Description for product 555,555.99,false
SKU000556,Product 556,Description for product 556,556.99,true
SKU000557,Product 557,Description for product 557,557.99,false
SKU000558,Product 558,Description for product 558,558.99,true
SKU000559,Product 559,Description for product 559,559.99,false
SKU000560,Product 560,Description for product 560,560.99,true
SKU000561,Product 561,Description for product 561,561.99,false
SKU000562,Product 562,Description for product 562,562.99,true
SKU000563,Product 563,Description for product 563,563.99,false
SKU000564,Product 564,Description for product 564,564.99,true
SKU000565,Product 565,Description for product 565,565.99,false
SKU000566,Product 566,Description for product 566,566.99,true
SKU000567,Product 567,Description for product 567,567.99,false
SKU000568,Product 568,Description for product 568,568.99,true
SKU000569,Product 569,Description for product 569,569.99,false
SKU000570,Product 570,Description for product 570,570.99,true
SKU000571,Product 571,Description for product 571,571.99,false
SKU000572,Product 572,Description for product 572,572.99,true
SKU000573,Product 573,Description for product 573,573.99,false
SKU000574,Product 574,Description for product 574,574.99,true
SKU000575,Product 575,Description for product 575,575.99,false
SKU000576,Product 576,Description for product 576,576.99,true
SKU000577,Product 577,Description for product 577,577.99,false
SKU000578,Product 578,Description for product 578,578.99,true
SKU000579,Product 579,Description for product 579,579.99,false
SKU000580,Product 580,Description for product 580,580.99,true
SKU000581,Product 581,Description for product 581,581.99,false
SKU000582,Product 582,Description for product 582,582.99,true
SKU000583,Product 583,Description for product 583,583.99,false
SKU000584,Product 584,Description for product 584,584.99,true
SKU000585,Product 585,Description for product 585,585.99,false
SKU000586,Product 586,Description for product 586,586.99,true
SKU000587,Product 587,Description for product 587,587.99,false
SKU000588,Product 588,Description for product 588,588.99,true
SKU000589,Product 589,Description for product 589,589.99,false
SKU000590,Product 590,Description for product 590,590.99,true
SKU000591,Product 591,Description for product 591,591.99,false
SKU000592,Product 592,Description for product 592,592.99,true
SKU000593,Product 593,Description for product 593,593.99,false
SKU000594,Product 594,Description for product 594,594.99,true
SKU000595,Product 595,Description for product 595,595.99,false
SKU000596,Product 596,Description for product 596,596.99,true
SKU000597,Product 597,Description for product 597,597.99,false
SKU000598,Product 598,Description for product 598,598.99,true
SKU000599,Product 599,Description for product 599,599.99,false
SKU000600,Product 600,Description for product 600,600.99,true
SKU000601,Product 601,Description for product 601,601.99,false
SKU000602,Product 602,Description for product 602,602.99,true
SKU000603,Product 603,Description for product 603,603.99,false
SKU000604,Product 604,Description for product 604,604.99,true
SKU000605,Product 605,Description for product 605,605.99,false
SKU000606,Product 606,Description for product 606,606.99,true
SKU000607,Product 607,Description for product 607,607.99,false
SKU000608,Product 608,Description for product 608,608.99,true
SKU000609,Product 609,Description for product 609,609.99,false
SKU000610,Product 610,Description for product 610,610.99,true
SKU000611,Product 611,Description for product 611,611.99,false
SKU000612,Product 612,Description for product 612,612.99,true
SKU000613,Product 613,Description for product 613,613.99,false
SKU000614,Product 614,Description for product 614,614.99,true
SKU000615,Product 615,Description for product 615,615.99,false
SKU000616,Product 616,Description for product 616,616.99,true
SKU000617,Product 617,Description for product 617,617.99,false
SKU000618,Product 618,Description for product 618,618.99,true
SKU000619,Product 619,Description for product 619,619.99,false
SKU000620,Product 620,Description for product 620,620.99,true
SKU000621,Product 621,Description for product 621,621.99,false
SKU000622,Product 622,Description for product 622,622.99,true
SKU000623,Product 623,Description for product 623,623.99,false
SKU000624,Product 624,Description for product 624,624.99,true
SKU000625,Product 625,Description for product 625,625.99,false
SKU000626,Product 626,Description for product 626,626.99,true
SKU000627,Product 627,Description for product 627,627.99,false
SKU000628,Product 628,Description for product 628,628.99,true
SKU000629,Product 629,Description for product 629,629.99,false
SKU000630,Product 630,Description for product 630,630.99,true
SKU000631,Product 631,Description for product 631,631.99,false
SKU000632,Product 632,Description for product 632,632.99,true
SKU000633,Product 633,Description for product 633,633.99,false
SKU000634,Product 634,Description for product 634,634.99,true
SKU000635,Product 635,Description for product 635,635.99,false
SKU000636,Product 636,Description for product 636,636.99,true
SKU000637,Product 637,Description for product 637,637.99,false
SKU000638,Product 638,Description for product 638,638.99,true
SKU000639,Product 639,Description for product 639,639.99,false
SKU000640,Product 640,Description for product 640,640.99,true
SKU000641,Product 641,Description for product 641,641.99,false
SKU000642,Product 642,Description for product 642,642.99,true
SKU000643,Product 643,Description for product 643,643.99,false
SKU000644,Product 644,Description for product 644,644.99,true
SKU000645,Product 645,Description for product 645,645.99,false
SKU000646,Product 646,Description for product 646,646.99,true
SKU000647,Product 647,Description for product 647,647.99,false
SKU000648,Product 648,Description for product 648,648.99,true
SKU000649,Product 649,Description for product 649,649.99,false
SKU000650,Product 650,Description for product 650,650.99,true
SKU000651,Product 651,Description for product 651,651.99,false
SKU000652,Product 652,Description for product 652,652.99,true
SKU000653,Product 653,Description for product 653,653.99,false
SKU000654,Product 654,Description for product 654,654.99,true
SKU000655,Product 655,Description for product 655,655.99,false
SKU000656,Product 656,Description for product 656,656.99,true
SKU000657,Product 657,Description for product 657,657.99,false
SKU000658,Product 658,Description for product 658,658.99,true
SKU000659,Product 659,Description for product 659,659.99,false
SKU000660,Product 660,Description for product 660,660.99,true
SKU000661,Product 661,Description for product 661,661.99,false
SKU000662,Product 662,Description for product 662,662.99,true
SKU000663,Product 663,Description for product 663,663.99,false
SKU000664,Product 664,Description for product 664,664.99,true
SKU000665,Product 665,Description for product 665,665.99,false
SKU000666,Product 666,Description for product 666,666.99,true
SKU000667,Product 667,Description for product 667,667.99,false
SKU000668,Product 668,Description for product 668,668.99,true
SKU000669,Product 669,Description for product 669,669.99,false
SKU000670,Product 670,Description for product 670,670.99,true
SKU000671,Product 671,Description for product 671,671.99,false
SKU000672,Product 672,Description for product 672,672.99,true
SKU000673,Product 673,Description for product 673,673.99,false
SKU000674,Product 674,Description for product 674,674.99,true
SKU000675,Product 675,Description for product 675,675.99,false
SKU000676,Product 676,Description for product 676,676.99,true
SKU000677,Product 677,Description for product 677,677.99,false
SKU000678,Product 678,Description for product 678,678.99,true
SKU000679,Product 679,Description for product 679,679.99,false
SKU000680,Product 680,Description for product 680,680.99,true
SKU000681,Product 681,Description for product 681,681.99,false
SKU000682,Product 682,Description for product 682,682.99,true
SKU000683,Product 683,Description for product 683,683.99,false
SKU000684,Product 684,Description for product 684,684.99,true
SKU000685,Product 685,Description for product 685,685.99,false
SKU000686,Product 686,Description for product 686,686.99,true
SKU000687,Product 687,Description for product 687,687.99,false
SKU000688,Product 688,Description for product 688,688.99,true
SKU000689,Product 689,Description for product 689,689.99,false
SKU000690,Product 690,Description for product 690,690.99,true
SKU000691,Product 691,Description for product 691,691.99,false
SKU000692,Product 692,Description for product 692,692.99,true
SKU000693,Product 693,Description for product 693,693.99,false
SKU000694,Product 694,Description for product 694,694.99,true
SKU000695,Product 695,Description for product 695,695.99,false
SKU000696,Product 696,Description for product 696,696.99,true
SKU000697,Product 697,Description for product 697,697.99,false
SKU000698,Product 698,Description for product 698,698.99,true
SKU000699,Product 699,Description for product 699,699.99,false
SKU000700,Product 700,Description for product 700,700.99,true
SKU000701,Product 701,Description for product 701,701.99,false
SKU000702,Product 702,Description for product 702,702.99,true
SKU000703,Product 703,Description for product 703,703.99,false
SKU000704,Product 704,Description for product 704,704.99,true
SKU000705,Product 705,Description for product 705,705.99,false
SKU000706,Product 706,Description for product 706,706.99,true
SKU000707,Product 707,Description for product 707,707.99,false
SKU000708,Product 708,Description for product 708,708.99,true
SKU000709,Product 709,Description for product 709,709.99,false
SKU000710,Product 710,Description for product 710,710.99,true
SKU000711,Product 711,Description for product 711,711.99,false
SKU000712,Product 712,Description for product 712,712.99,true
SKU000713,Product 713,Description for product 713,713.99,false
SKU000714,Product 714,Description for product 714,714.99,true
SKU000715,Product 715,Description for product 715,715.99,false
SKU000716,Product 716,Description for product 716,716.99,true
SKU000717,Product 717,Description for product 717,717.99,false
SKU000718,Product 718,Description for product 718,718.99,true
SKU000719,Product 719,Description for product 719,719.99,false
SKU000720,Product 720,Description for product 720,720.99,true
SKU000721,Product 721,Description for product 721,721.99,false
SKU000722,Product 722,Description for product 722,722.99,true
SKU000723,Product 723,Description for product 723,723.99,false
SKU000724,Product 724,Description for product 724,724.99,true
SKU000725,Product 725,Description for product 725,725.99,false
SKU000726,Product 726,Description for product 726,726.99,true
SKU000727,Product 727,Description for product 727,727.99,false
SKU000728,Product 728,Description for product 728,728.99,true
SKU000729,Product 729,Description for product 729,729.99,false
SKU000730,Product 730,Description for product 730,730.99,true
SKU000731,Product 731,Description for product 731,731.99,false
SKU000732,Product 732,Description for product 732,732.99,true
SKU000733,Product 733,Description for product 733,733.99,false
SKU000734,Product 734,Description for product 734,734.99,true
SKU000735,Product 735,Description for product 735,735.99,false
SKU000736,Product 736,Description for product 736,736.99,true
SKU000737,Product 737,Description for product 737,737.99,false
SKU000738,Product 738,Description for product 738,738.99,true
SKU000739,Product 739,Description for product 739,739.99,false
SKU000740,Product 740,Description for product 740,740.99,true
SKU000741,Product 741,Description for product 741,741.99,false
SKU000742,Product 742,Description for product 742,742.99,true
SKU000743,Product 743,Description for product 743,743.99,false
SKU000744,Product 744,Description for product 744,744.99,true
SKU000745,Product 745,Description for product 745,745.99,false
SKU000746,Product 746,Description for product 746,746.99,true
SKU000747,Product 747,Description for product 747,747.99,false
SKU000748,Product 748,Description for product 748,748.99,true
SKU000749,Product 749,Description for product 749,749.99,false
SKU000750,Product 750,Description for product 750,750.99,true
SKU000751,Product 751,Description for product 751,751.99,false
SKU000752,Product 752,Description for product 752,752.99,true
SKU000753,Product 753,Description for product 753,753.99,false
SKU000754,Product 754,Description for product 754,754.99,true
SKU000755,Product 755,Description for product 755,755.99,false
SKU000756,Product 756,Description for product 756,756.99,true
SKU000757,Product 757,Description for product 757,757.99,false
SKU000758,Product 758,Description for product 758,758.99,true
SKU000759,Product 759,Description for product 759,759.99,false
SKU000760,Product 760,Description for product 760,760.99,true
SKU000761,Product 761,Description for product 761,761.99,false
SKU000762,Product 762,Description for product 762,762.99,true
SKU000763,Product 763,Description for product 763,763.99,false
SKU000764,Product 764,Description for product 764,764.99,true
SKU000765,Product 765,Description for product 765,765.99,false
SKU000766,Product 766,Description for product 766,766.99,true
SKU000767,Product 767,Description for product 767,767.99,false
SKU000768,Product 768,Description for product 768,768.99,true
SKU000769,Product 769,Description for product 769,769.99,false
SKU000770,Product 770,Description for product 770,770.99,true
SKU000771,Product 771,Description for product 771,771.99,false
SKU000772,Product 772,Description for product 772,772.99,true
SKU000773,Product 773,Description for product 773,773.99,false
SKU000774,Product 774,Description for product 774,774.99,true
SKU000775,Product 775,Description for product 775,775.99,false
SKU000776,Product 776,Description for product 776,776.99,true
SKU000777,Product 777,Description for product 777,777.99,false
SKU000778,Product 778,Description for product 778,778.99,true
SKU000779,Product 779,Description for product 779,779.99,false
SKU000780,Product 780,Description for product 780,780.99,true
SKU000781,Product 781,Description for product 781,781.99,false
SKU000782,Product 782,Description for product 782,782.99,true
SKU000783,Product 783,Description for product 783,783.99,false
SKU000784,Product 784,Description for product 784,784.99,true
SKU000785,Product 785,Description for product 785,785.99,false
SKU000786,Product 786,Description for product 786,786.99,true
SKU000787,Product 787,Description for product 787,787.99,false
SKU000788,Product 788,Description for product 788,788.99,true
SKU000789,Product 789,Description for product 789,789.99,false
SKU000790,Product 790,Description for product 790,790.99,true
SKU000791,Product 791,Description for product 791,791.99,false
SKU000792,Product 792,Description for product 792,792.99,true
SKU000793,Product 793,Description for product 793,793.99,false
SKU000794,Product 794,Description for product 794,794.99,true
SKU000795,Product 795,Description for product 795,795.99,false
SKU000796,Product 796,Description for product 796,796.99,true
SKU000797,Product 797,Description for product 797,797.99,false
SKU000798,Product 798,Description for product 798,798.99,true
SKU000799,Product 799,Description for product 799,799.99,false
SKU000800,Product 800,Description for product 800,800.99,true
SKU000801,Product 801,Description for product 801,801.99,false
SKU000802,Product 802,Description for product 802,802.99,true
SKU000803,Product 803,Description for product 803,803.99,false
SKU000804,Product 804,Description for product 804,804.99,true
SKU000805,Product 805,Description for product 805,805.99,false
SKU000806,Product 806,Description for product 806,806.99,true
SKU000807,Product 807,Description for product 807,807.99,false
SKU000808,Product 808,Description for product 808,808.99,true
SKU000809,Product 809,Description for product 809,809.99,false
SKU000810,Product 810,Description for product 810,810.99,true
SKU000811,Product 811,Description for product 811,811.99,false
SKU000812,Product 812,Description for product 812,812.99,true
SKU000813,Product 813,Description for product 813,813.99,false
SKU000814,Product 814,Description for product 814,814.99,true
SKU000815,Product 815,Description for product 815,815.99,false
SKU000816,Product 816,Description for product 816,816.99,true
SKU000817,Product 817,Description for product 817,817.99,false
SKU000818,Product 818,Description for product 818,818.99,true
SKU000819,Product 819,Description for product 819,819.99,false
SKU000820,Product 820,Description for product 820,820.99,true
SKU000821,Product 821,Description for product 821,821.99,false
SKU000822,Product 822,Description for product 822,822.99,true
SKU000823,Product 823,Description for product 823,823.99,false
SKU000824,Product 824,Description for product 824,824.99,true
SKU000825,Product 825,Description for product 825,825.99,false
SKU000826,Product 826,Description for product 826,826.99,true
SKU000827,Product 827,Description for product 827,827.99,false
SKU000828,Product 828,Description for product 828,828.99,true
SKU000829,Product 829,Description for product 829,829.99,false
SKU000830,Product 830,Description for product 830,830.99,true
SKU000831,Product 831,Description for product 831,831.99,false
SKU000832,Product 832,Description for product 832,832.99,true
SKU000833,Product 833,Description for product 833,833.99,false
SKU000834,Product 834,Description for product 834,834.99,true
SKU000835,Product 835,Description for product 835,835.99,false
SKU000836,Product 836,Description for product 836,836.99,true
SKU000837,Product 837,Description for product 837,837.99,false
SKU000838,Product 838,Description for product 838,838.99,true
SKU000839,Product 839,Description for product 839,839.99,false
SKU000840,Product 840,Description for product 840,840.99,true
SKU000841,Product 841,Description for product 841,841.99,false
SKU000842,Product 842,Description for product 842,842.99,true
SKU000843,Product 843,Description for product 843,843.99,false
SKU000844,Product 844,Description for product 844,844.99,true
SKU000845,Product 845,Description for product 845,845.99,false
SKU000846,Product 846,Description for product 846,846.99,true
SKU000847,Product 847,Description for product 847,847.99,false
SKU000848,Product 848,Description for product 848,848.99,true
SKU000849,Product 849,Description for product 849,849.99,false
SKU000850,Product 850,Description for product 850,850.99,true
SKU000851,Product 851,Description for product 851,851.99,false
SKU000852,Product 852,Description for product 852,852.99,true
SKU000853,Product 853,Description for product 853,853.99,false
SKU000854,Product 854,Description for product 854,854.99,true
SKU000855,Product 855,Description for product 855,855.99,false
SKU000856,Product 856,Description for product 856,856.99,true
SKU000857,Product 857,Description for product 857,857.99,false
SKU000858,Product 858,Description for product 858,858.99,true
SKU000859,Product 859,Description for product 859,859.99,false
SKU000860,Product 860,Description for product 860,860.99,true
SKU000861,Product 861,Description for product 861,861.99,false
SKU000862,Product 862,Description for product 862,862.99,true
SKU000863,Product 863,Description for product 863,863.99,false
SKU000864,Product 864,Description for product 864,864.99,true
SKU000865,Product 865,Description for product 865,865.99,false
SKU000866,Product 866,Description for product 866,866.99,true
SKU000867,Product 867,Description for product 867,867.99,false
SKU000868,Product 868,Description for product 868,868.99,true
SKU000869,Product 869,Description for product 869,869.99,false
SKU000870,Product 870,Description for product 870,870.99,true
SKU000871,Product 871,Description for product 871,871.99,false
SKU000872,Product 872,Description for product 872,872.99,true
SKU000873,Product 873,Description for product 873,873.99,false
SKU000874,Product 874,Description for product 874,874.99,true
SKU000875,Product 875,Description for product 875,875.99,false
SKU000876,Product 876,Description for product 876,876.99,true
SKU000877,Product 877,Description for product 877,877.99,false
SKU000878,Product 878,Description for product 878,878.99,true
SKU000879,Product 879,Description for product 879,879.99,false
SKU000880,Product 880,Description for product 880,880.99,true
SKU000881,Product 881,Description for product 881,881.99,false
SKU000882,Product 882,Description for product 882,882.99,true
SKU000883,Product 883,Description for product 883,883.99,false
SKU000884,Product 884,Description for product 884,884.99,true
SKU000885,Product 885,Description for product 885,885.99,false
SKU000886,Product 886,Description for product 886,886.99,true
SKU000887,Product 887,Description for product 887,887.99,false
SKU000888,Product 888,Description for product 888,888.99,true
SKU000889,Product 889,Description for product 889,889.99,false
SKU000890,Product 890,Description for product 890,890.99,true
SKU000891,Product 891,Description for product 891,891.99,false
SKU000892,Product 892,Description for product 892,892.99,true
SKU000893,Product 893,Description for product 893,893.99,false
SKU000894,Product 894,Description for product 894,894.99,true
SKU000895,Product 895,Description for product 895,895.99,false
SKU000896,Product 896,Description for product 896,896.99,true
SKU000897,Product 897,Description for product 897,897.99,false
SKU000898,Product 898,Description for product 898,898.99,true
SKU000899,Product 899,Description for product 899,899.99,false
SKU000900,Product 900,Description for product 900,900.99,true
SKU000901,Product 901,Description for product 901,901.99,false
SKU000902,Product 902,Description for product 902,902.99,true
SKU000903,Product 903,Description for product 903,903.99,false
SKU000904,Product 904,Description for product 904,904.99,true
SKU000905,Product 905,Description for product 905,905.99,false
SKU000906,Product 906,Description for product 906,906.99,true
SKU000907,Product 907,Description for product 907,907.99,false
SKU000908,Product 908,Description for product 908,908.99,true
SKU000909,Product 909,Description for product 909,909.99,false
SKU000910,Product 910,Description for product 910,910.99,true
SKU000911,Product 911,Description for product 911,911.99,false
SKU000912,Product 912,Description for product 912,912.99,true
SKU000913,Product 913,Description for product 913,913.99,false
SKU000914,Product 914,Description for product 914,914.99,true
SKU000915,Product 915,Description for product 915,915.99,false
SKU000916,Product 916,Description for product 916,916.99,true
SKU000917,Product 917,Description for product 917,917.99,false
SKU000918,Product 918,Description for product 918,918.99,true
SKU000919,Product 919,Description for product 919,919.99,false
SKU000920,Product 920,Description for product 920,920.99,true
SKU000921,Product 921,Description for product 921,921.99,false
SKU000922,Product 922,Description for product 922,922.99,true
SKU000923,Product 923,Description for product 923,923.99,false
SKU000924,Product 924,Description for product 924,924.99,true
SKU000925,Product 925,Description for product 925,925.99,false
SKU000926,Product 926,Description for product 926,926.99,true
SKU000927,Product 927,Description for product 927,927.99,false
SKU000928,Product 928,Description for product 928,928.99,true
SKU000929,Product 929,Description for product 929,929.99,false
SKU000930,Product 930,Description for product 930,930.99,true
SKU000931,Product 931,Description for product 931,931.99,false
SKU000932,Product 932,Description for product 932,932.99,true
SKU000933,Product 933,Description for product 933,933.99,false
SKU000934,Product 934,Description for product 934,934.99,true
SKU000935,Product 935,Description for product 935,935.99,false
SKU000936,Product 936,Description for product 936,936.99,true
SKU000937,Product 937,Description for product 937,937.99,false
SKU000938,Product 938,Description for product 938,938.99,true
SKU000939,Product 939,Description for product 939,939.99,false
SKU000940,Product 940,Description for product 940,940.99,true
SKU000941,Product 941,Description for product 941,941.99,false
SKU000942,Product 942,Description for product 942,942.99,true
SKU000943,Product 943,Description for product 943,943.99,false
SKU000944,Product 944,Description for product 944,944.99,true
SKU000945,Product 945,Description for product 945,945.99,false
SKU000946,Product 946,Description for product 946,946.99,true
SKU000947,Product 947,Description for product 947,947.99,false
SKU000948,Product 948,Description for product 948,948.99,true
SKU000949,Product 949,Description for product 949,949.99,false
SKU000950,Product 950,Description for product 950,950.99,true
SKU000951,Product 951,Description for product 951,951.99,false
SKU000952,Product 952,Description for product 952,952.99,true
SKU000953,Product 953,Description for product 953,953.99,false
SKU000954,Product 954,Description for product 954,954.99,true
SKU000955,Product 955,Description for product 955,955.99,false
SKU000956,Product 956,Description for product 956,956.99,true
SKU000957,Product 957,Description for product 957,957.99,false
SKU000958,Product 958,Description for product 958,958.99,true
SKU000959,Product 959,Description for product 959,959.99,false
SKU000960,Product 960,Description for product 960,960.99,true
SKU000961,Product 961,Description for product 961,961.99,false
SKU000962,Product 962,Description for product 962,962.99,true
SKU000963,Product 963,Description for product 963,963.99,false
SKU000964,Product 964,Description for product 964,964.99,true
SKU000965,Product 965,Description for product 965,965.99,false
SKU000966,Product 966,Description for product 966,966.99,true
SKU000967,Product 967,Description for product 967,967.99,false
SKU000968,Product 968,Description for product 968,968.99,true
SKU000969,Product 969,Description for product 969,969.99,false
SKU000970,Product 970,Description for product 970,970.99,true
SKU000971,Product 971,Description for product 971,971.99,false
SKU000972,Product 972,Description for product 972,972.99,true
SKU000973,Product 973,Description for product 973,973.99,false
SKU000974,Product 974,Description for product 974,974.99,true
SKU000975,Product 975,Description for product 975,975.99,false
SKU000976,Product 976,Description for product 976,976.99,true
SKU000977,Product 977,Description for product 977,977.99,false
SKU000978,Product 978,Description for product 978,978.99,true
SKU000979,Product 979,Description for product 979,979.99,false
SKU000980,Product 980,Description for product 980,980.99,true
SKU000981,Product 981,Description for product 981,981.99,false
SKU000982,Product 982,Description for product 982,982.99,true
SKU000983,Product 983,Description for product 983,983.99,false
SKU000984,Product 984,Description for product 984,984.99,true
SKU000985,Product 985,Description for product 985,985.99,false
SKU000986,Product 986,Description for product 986,986.99,true
SKU000987,Product 987,Description for product 987,987.99,false
SKU000988,Product 988,Description for product 988,988.99,true
SKU000989,Product 989,Description for product 989,989.99,false
SKU000990,Product 990,Description for product 990,990.99,true
SKU000991,Product 991,Description for product 991,991.99,false
SKU000992,Product 992,Description for product 992,992.99,true
SKU000993,Product 993,Description for product 993,993.99,false
SKU000994,Product 994,Description for product 994,994.99,true
SKU000995,Product 995,Description for product 995,995.99,false
SKU000996,Product 996,Description for product 996,996.99,true
SKU000997,Product 997,Description for product 997,997.99,false
SKU000998,Product 998,Description for product 998,998.99,true
SKU000999,Product 999,Description for product 999,999.99,false
